{"urls":["audio.ogg","public/audio.m4a","public/audio.mp3","public/audio.ac3"],"sprite":{"attack":[0,400],"end-battle":[2000,446.9841269841268],"levelup":[4000,3562.6530612244896],"lose-match":[9000,6000],"respawn":[16000,2473.061224489797],"tower-explode":[20000,1973.582766439911],"upgrade":[23000,850.0000000000014],"win-match":[25000,10000],"theme-song":[36000,13714.285714285716,true]}}